class,History of Magic,Transfiguration,Potions,Charms
Slytherin,0.1878307845377459,0.6546452969605878,1.8365835194987652,-2.0541639423399825
Ravenclaw,-0.41419660926371765,-0.2522222908814939,0.19443788999286518,3.206858836299614
Hufflepuff,1.8601674590021198,1.4402802588766292,-2.1972995751942777,-1.3427178335359142
Gryffindor,-1.5001335278616739,-1.7034113935255126,-0.08273566405910751,-0.35636719613845097
