class,Arithmancy,Astronomy,Herbology,Defense Against the Dark Arts,Divination,Muggle Studies,Ancient Runes,History of Magic,Transfiguration,Potions,Care of Magical Creatures,Charms,Flying
Slytherin,-0.11280962995558336,-0.6599053789580162,-0.8107856001825489,0.659905378958016,-1.461794299613451,-0.4663912543246595,-0.5994847050665744,-0.04451259647945432,0.3317366636417816,0.6363457277881313,-0.039672854057736164,-0.6347975973783813,-0.4084774067361886
Ravenclaw,0.19777984538806156,-0.7082788675007486,0.5176959859859209,0.7082788675007489,0.330310047100041,1.3046472229933805,0.9142618525961932,0.10037491513578956,0.07689507842460024,-0.06029496995961392,-0.04915001282190882,0.9878154225997849,-0.012787958442519422
Hufflepuff,0.12545873657711562,1.2267161495089558,1.238599834641018,-1.2267161495089558,0.5607990131484947,-0.7247678965201793,-1.319745544026925,0.8199644784648391,0.6762936287146132,-0.4381036885487679,0.03685608991448798,-0.0754393614309154,-0.49297564965878404
Gryffindor,-0.1607310341077442,0.19357741552055543,-0.9182868135218046,-0.1935774155205555,0.47704907047161377,-0.14650436407663103,0.9099245359611742,-0.8326432580697816,-1.0445623835462412,-0.11619021564659279,-0.019622624277649187,-0.3419709300553899,0.8704493506886926
